{"assets":[{"uid":"image_1","created_at":"2017-09-10T20:27:00.488Z","updated_at":"2017-09-10T20:27:00.488Z","created_by":"user","updated_by":"user","content_type":"image/jpeg","file_size":"115545","tags":[],"filename":"Win Against Dortmund.jpg","url":"image_url_1","ACL":{},"is_dir":false,"_version":1,"title":"Win Against Dortmund.jpg"},{"uid":"image_2","created_at":"2017-09-07T01:31:59.139Z","updated_at":"2017-09-07T01:31:59.139Z","created_by":"user","updated_by":"user","content_type":"image/png","file_size":"241691","tags":["tag1","tag2"],"filename":"maybe.png","url":"image_url_2","ACL":{},"is_dir":false,"parent_uid":null,"_version":1,"title":"maybe.png","description":""}]}
