{"entries":[{"title":"Home & Appliances","tags":[],"locale":"en-us","uid":"uid_1","created_by":"user","updated_by":"user","created_at":"2017-09-28T06:08:32.914Z","updated_at":"2017-09-28T06:08:32.914Z","ACL":{},"_version":1},{"title":"Apple Products","tags":[],"locale":"en-us","uid":"uid_2","created_by":"user","updated_by":"user","created_at":"2017-09-28T06:08:21.276Z","updated_at":"2017-09-28T06:08:21.276Z","ACL":{},"_version":1},{"title":"Smartphones","tags":[],"locale":"en-us","uid":"uid_3","created_by":"user","updated_by":"user","created_at":"2017-09-28T06:07:37.132Z","updated_at":"2017-09-28T06:07:37.132Z","ACL":{},"_version":1},{"title":"Tablets","tags":[],"locale":"en-us","uid":"uid_4","created_by":"user","updated_by":"user","created_at":"2017-09-28T06:07:20.740Z","updated_at":"2017-09-28T06:07:20.740Z","ACL":{},"_version":1},{"title":"Headphones","tags":[],"locale":"en-us","uid":"uid5","created_by":"user","updated_by":"user","created_at":"2017-09-28T06:07:07.673Z","updated_at":"2017-09-28T06:07:07.673Z","ACL":{},"_version":1}],"schema":[{"display_name":"Title","uid":"title","data_type":"text","mandatory":true,"unique":true,"field_metadata":{"_default":true},"multiple":false},{"data_type":"text","display_name":"Description","uid":"description","field_metadata":{"description":"","default_value":"","multiline":true},"format":"","error_messages":{"format":""},"multiple":false,"mandatory":false,"unique":false}],"content_type":{"created_at":"2017-08-28T11:26:16.005Z","updated_at":"2017-08-28T11:26:28.217Z","title":"Category","uid":"category","inbuilt_class":false,"schema":[{"display_name":"Title","uid":"title","data_type":"text","mandatory":true,"unique":true,"field_metadata":{"_default":true},"multiple":false},{"data_type":"text","display_name":"Description","uid":"description","field_metadata":{"description":"","default_value":"","multiline":true},"format":"","error_messages":{"format":""},"multiple":false,"mandatory":false,"unique":false}],"last_activity":{"environments":[{"uid":"uid6","details":[{"locale":"en-us","time":"2017-09-28T09:37:14.441Z"}]}]},"maintain_revisions":true,"description":"","options":{"is_page":false,"singleton":false,"title":"title","sub_title":[]},"abilities":{"get_one_object":true,"get_all_objects":true,"create_object":true,"update_object":true,"delete_object":true,"delete_all_objects":true},"DEFAULT_ACL":{"others":{"read":false,"create":false},"users":[{"uid":"uid_7","read":true,"sub_acl":{"read":true}}]}}}
