{"entry":{"title":"Motorola Moto X4","url":"/products/product_1_uid","price":"500","discounted_price":"450","featured_image":{"uid":"product_2_uid","created_at":"2017-09-28T07:02:20.745Z","updated_at":"2017-09-28T07:02:20.745Z","created_by":"created_by_string","updated_by":"created_by_string","content_type":"image/jpeg","file_size":"311812","tags":[],"filename":"1.jpg","url":"image_url","ACL":{},"is_dir":false,"_version":1,"title":"1.jpg","publish_details":{"environment":"environment_uid","locale":"en-us","time":"2017-09-28T09:28:47.919Z","user":"created_by_string"}},"product_images":[{"uid":"product_2_uid","created_at":"2017-09-28T07:02:20.745Z","updated_at":"2017-09-28T07:02:20.745Z","created_by":"created_by_string","updated_by":"created_by_string","content_type":"image/jpeg","file_size":"311812","tags":[],"filename":"1.jpg","url":"image_url","ACL":{},"is_dir":false,"_version":1,"title":"1.jpg","publish_details":{"environment":"environment_uid","locale":"en-us","time":"2017-09-28T09:28:47.919Z","user":"created_by_string"}},{"uid":"product_3_uid","created_at":"2017-09-28T07:02:30.108Z","updated_at":"2017-09-28T07:02:30.108Z","created_by":"created_by_string","updated_by":"created_by_string","content_type":"image/jpeg","file_size":"4226","tags":[],"filename":"2.jpg","url":"image_2_url","ACL":{},"is_dir":false,"_version":1,"title":"2.jpg","publish_details":{"environment":"environment_uid","locale":"en-us","time":"2017-09-28T09:28:47.919Z","user":"created_by_string"}},{"uid":"product_4_uid","created_at":"2017-09-28T07:02:32.375Z","updated_at":"2017-09-28T07:02:32.375Z","created_by":"created_by_string","updated_by":"created_by_string","content_type":"image/jpeg","file_size":"5755","tags":[],"filename":"3.jpg","url":"image_3_url","ACL":{},"is_dir":false,"_version":1,"title":"3.jpg","publish_details":{"environment":"environment_uid","locale":"en-us","time":"2017-09-28T09:28:47.919Z","user":"created_by_string"}},{"uid":"product_4_uid","created_at":"2017-09-28T07:02:36.507Z","updated_at":"2017-09-28T07:02:36.507Z","created_by":"created_by_string","updated_by":"created_by_string","content_type":"image/jpeg","file_size":"312464","tags":[],"filename":"4.jpg","url":"image_4_url","ACL":{},"is_dir":false,"_version":1,"title":"4.jpg","publish_details":{"environment":"environment_uid","locale":"en-us","time":"2017-09-28T09:28:47.919Z","user":"created_by_string"}}],"description":"dual cameras.\nsingular design.\nAdvanced dual rear cameras for your best photos yet. Plus, a beautiful contoured glass and metal frame with an IP68 water resistance rating.* Coming soon.","categories":[{"title":"Smartphones","tags":[],"locale":"en-us","uid":"product_5_uid","created_by":"created_by_string","updated_by":"created_by_string","created_at":"2017-09-28T06:07:37.132Z","updated_at":"2017-09-28T06:07:37.132Z","ACL":{},"_version":1,"publish_details":{"environment":"environment_uid","locale":"en-us","time":"2017-09-28T09:28:47.932Z","user":"created_by_string"},"_publish_environment":"environment_uid","_publish_locale":"en-us","_publish_scheduled":false}],"related_products":[{"title":"OnePlus 3T A3000 64GB Gunmetal","url":"/products/product_9_uid","price":"539","discounted_price":"499","featured_image":{"uid":"product_6_uid","created_at":"2017-09-28T06:56:13.016Z","updated_at":"2017-09-28T06:56:13.016Z","created_by":"created_by_string","updated_by":"created_by_string","content_type":"image/jpeg","file_size":"40674","tags":[],"filename":"one-plus-three-1x.jpg","url":"image_5_url","ACL":{},"is_dir":false,"_version":1,"title":"one-plus-three-1x.jpg","publish_details":{"environment":"environment_uid","locale":"en-us","time":"2017-09-28T09:42:37.885Z","user":"created_by_string"}},"product_images":[{"uid":"product_6_uid","created_at":"2017-09-28T06:56:13.016Z","updated_at":"2017-09-28T06:56:13.016Z","created_by":"created_by_string","updated_by":"created_by_string","content_type":"image/jpeg","file_size":"40674","tags":[],"filename":"one-plus-three-1x.jpg","url":"image_5_url","ACL":{},"is_dir":false,"_version":1,"title":"one-plus-three-1x.jpg","publish_details":{"environment":"environment_uid","locale":"en-us","time":"2017-09-28T09:42:37.885Z","user":"created_by_string"}},{"uid":"product_7_uid","created_at":"2017-09-28T06:56:20.954Z","updated_at":"2017-09-28T06:56:20.954Z","created_by":"created_by_string","updated_by":"created_by_string","content_type":"image/jpeg","file_size":"13187","tags":[],"filename":"one-plus-3-2.jpg","url":"image_6_url","ACL":{},"is_dir":false,"_version":1,"title":"one-plus-3-2.jpg","publish_details":{"environment":"environment_uid","locale":"en-us","time":"2017-09-28T09:42:31.431Z","user":"created_by_string"}},{"uid":"product_8_uid","created_at":"2017-09-28T06:56:24.656Z","updated_at":"2017-09-28T06:56:24.656Z","created_by":"created_by_string","updated_by":"created_by_string","content_type":"image/jpeg","file_size":"27485","tags":[],"filename":"one-plus-3-3.jpg","url":"image_7_url","ACL":{},"is_dir":false,"_version":1,"title":"one-plus-3-3.jpg","publish_details":{"environment":"environment_uid","locale":"en-us","time":"2017-09-28T09:42:26.882Z","user":"created_by_string"}}],"description":"Snapdragon 821 6gb RAM Unlocked Smartphone","categories":["product_5_uid"],"related_products":["product_related_uid"],"tags":[],"locale":"en-us","uid":"product_9_uid","created_by":"created_by_string","updated_by":"created_by_string","created_at":"2017-09-28T06:57:55.574Z","updated_at":"2017-09-28T06:57:55.574Z","ACL":{},"_version":1,"publish_details":{"environment":"environment_uid","locale":"en-us","time":"2017-09-28T09:28:47.933Z","user":"created_by_string"},"_publish_environment":"environment_uid","_publish_locale":"en-us","_publish_scheduled":false}],"tags":[],"locale":"en-us","uid":"product_1_uid","created_by":"created_by_string","updated_by":"created_by_string","created_at":"2017-09-28T07:03:11.350Z","updated_at":"2017-09-28T07:03:11.350Z","ACL":{},"_version":1, "_owner":{}}}
